{
  "id": null,
  "uid": "smartgrid001",
  "title": "Smart Grid Dashboard (Real Data)",
  "timezone": "browser",
  "schemaVersion": 36,
  "version": 2,
  "refresh": "30s",
  "panels": [
    {
      "type": "timeseries",
      "title": "Frequency (Hz)",
      "datasource": {
        "type": "influxdb",
        "uid": "influxdb"
      },
      "fieldConfig": {
        "defaults": {
          "unit": "hertz"
        }
      },
      "targets": [
        {
          "query": "from(bucket: \"smartgrid\") |> range(start: -24h) |> filter(fn: (r) => r._measurement == \"frequency_data\") |> filter(fn: (r) => r._field == \"hz\")",
          "refId": "A"
        }
      ],
      "gridPos": {
        "x": 0,
        "y": 0,
        "w": 12,
        "h": 8
      }
    },
    {
      "type": "timeseries",
      "title": "Real aFRR Activations (MW)",
      "datasource": {
        "type": "influxdb",
        "uid": "influxdb"
      },
      "fieldConfig": {
        "defaults": {
          "unit": "watt"
        }
      },
      "targets": [
        {
          "query": "from(bucket: \"smartgrid\") |> range(start: -24h) |> filter(fn: (r) => r._measurement == \"real_afrr_activations\")",
          "refId": "B"
        }
      ],
      "gridPos": {
        "x": 12,
        "y": 0,
        "w": 12,
        "h": 8
      }
    },
    {
      "type": "timeseries",
      "title": "Real mFRR Activations (MW)",
      "datasource": {
        "type": "influxdb",
        "uid": "influxdb"
      },
      "fieldConfig": {
        "defaults": {
          "unit": "watt"
        }
      },
      "targets": [
        {
          "query": "from(bucket: \"smartgrid\") |> range(start: -24h) |> filter(fn: (r) => r._measurement == \"real_mfrr_activations\")",
          "refId": "C"
        }
      ],
      "gridPos": {
        "x": 0,
        "y": 8,
        "w": 12,
        "h": 8
      }
    },
    {
      "type": "timeseries",
      "title": "Spot Price Day-Ahead (\u20ac/MWh)",
      "datasource": {
        "type": "influxdb",
        "uid": "influxdb"
      },
      "fieldConfig": {
        "defaults": {
          "unit": "currencyEUR",
          "decimals": 2
        }
      },
      "targets": [
        {
          "query": "from(bucket: \"smartgrid\") |> range(start: -24h) |> filter(fn: (r) => r._measurement == \"spot_price_epex\") |> filter(fn: (r) => r._field == \"price_eur_mwh\")",
          "refId": "D"
        }
      ],
      "gridPos": {
        "x": 12,
        "y": 8,
        "w": 12,
        "h": 8
      }
    }
  ]
}
