{
  "dashboard": {
    "id": null,
    "title": "SmartGrid RTE Dashboard",
    "timezone": "browser",
    "panels": [
      {
        "type": "timeseries",
        "title": "Frequency (Hz)",
        "targets": [
          {
            "refId": "A",
            "datasource": {
              "type": "influxdb",
              "uid": "influxdb"
            },
            "query": "from(bucket: \"smartgrid\") |> range(start: -1h) |> filter(fn: (r) => r._measurement == \"frequency_data\" and r._field == \"hz\")"
          }
        ],
        "gridPos": {
          "x": 0,
          "y": 0,
          "w": 24,
          "h": 10
        }
      },
      {
        "type": "table",
        "title": "Activations NEBEF",
        "targets": [
          {
            "refId": "B",
            "datasource": {
              "type": "influxdb",
              "uid": "influxdb"
            },
            "query": "from(bucket: \"smartgrid\") |> range(start: -6h) |> filter(fn: (r) => r._measurement == \"nebef_decisions\")"
          }
        ],
        "gridPos": {
          "x": 0,
          "y": 10,
          "w": 24,
          "h": 8
        }
      },
      {
        "type": "timeseries",
        "title": "Activations mFRR (MW)",
        "targets": [
          {
            "refId": "C",
            "datasource": {
              "type": "influxdb",
              "uid": "influxdb"
            },
            "query": "from(bucket: \"smartgrid\") |> range(start: -6h) |> filter(fn: (r) => r._measurement == \"mFRR_activations\" and r._field == \"mw\")"
          }
        ],
        "gridPos": {
          "x": 0,
          "y": 18,
          "w": 24,
          "h": 8
        }
      }
    ],
    "schemaVersion": 30,
    "version": 2
  },
  "overwrite": true
}

